Run,ReleaseDate,LoadDate,spots,bases,spots_with_mates,avgLength,size_MB,AssemblyName,download_path,Experiment,LibraryName,LibraryStrategy,LibrarySelection,LibrarySource,LibraryLayout,InsertSize,InsertDev,Platform,Model,SRAStudy,BioProject,Study_Pubmed_id,ProjectID,Sample,BioSample,SampleType,TaxID,ScientificName,SampleName,g1k_pop_code,source,g1k_analysis_group,Subject_ID,Sex,Disease,Tumor,Affection_Status,Analyte_Type,Histological_Type,Body_Site,CenterName,Submission,dbgap_study_accession,Consent,RunHash,ReadHash
SRR2744682,01/01/2016 00:00,21/10/2015 10:21,105901652,21392133704,105901652,202,12852,,https://sra-downloadb.st-va.ncbi.nlm.nih.gov/sos2/sra-pub-run-6/SRR2744682/SRR2744682.1,SRX1359657,,WGS,unspecified,GENOMIC,PAIRED,100,0,ILLUMINA,Illumina HiSeq 2000,SRP065057,PRJNA297202,,297202,SRS1124032,SAMN04198243,simple,113636,Populus tremula,SwAsp001,,,,,,,no,,,,,UMEÅ UNIVERSITY,SRA301107,,public,AD39FE24A68C594055FF782009FFF505,BC63F938B09349C7492286FE7429F5E5
SRR4301375,03/10/2016 16:54,28/09/2016 16:47,52424599,10589768998,52424599,202,7196,,https://sra-downloadb.st-va.ncbi.nlm.nih.gov/sos2/sra-pub-run-3/SRR4301375/SRR4301375.1,SRX2195735,SwAsp003,WGS,RANDOM,GENOMIC,PAIRED,0,0,ILLUMINA,Illumina HiSeq 2000,SRP065057,PRJNA297202,,297202,SRS1717667,SAMN05830636,simple,113636,Populus tremula,SwAsp003,,,,,,,no,,,,,UMEA UNIVERISTY,SRA480929,,public,A57134DDA37B17B665D0D747E63B36DF,5165D2DC83BF0EDAC2133108EC8359FE
SRR4301376,04/10/2016 15:53,29/09/2016 15:42,91290120,18440604240,91290120,202,12473,,https://sra-downloadb.st-va.ncbi.nlm.nih.gov/sos1/sra-pub-run-10/SRR4301376/SRR4301376.1,SRX2195736,SwAsp004,WGS,RANDOM,GENOMIC,PAIRED,0,0,ILLUMINA,Illumina HiSeq 2000,SRP065057,PRJNA297202,,297202,SRS1717669,SAMN05830637,simple,113636,Populus tremula,SwAsp004,,,,,,,no,,,,,UMEA UNIVERISTY,SRA480929,,public,5E08A01BB3A5C5CD020E5292F6B352D9,11AF8C152525799FE0A1CA97327C286B
SRR4301387,03/10/2016 16:54,28/09/2016 16:50,42633270,8611920540,42633270,202,5710,,https://sra-downloadb.st-va.ncbi.nlm.nih.gov/sos2/sra-pub-run-3/SRR4301387/SRR4301387.1,SRX2195747,SwAsp005,WGS,RANDOM,GENOMIC,PAIRED,0,0,ILLUMINA,Illumina HiSeq 2000,SRP065057,PRJNA297202,,297202,SRS1717680,SAMN05830638,simple,113636,Populus tremula,SwAsp005,,,,,,,no,,,,,UMEA UNIVERISTY,SRA480929,,public,3468F7C050D7CD063358B3CE39FE0B5A,77DDD4F3FEE5F943C40B5723D71783AE
SRR2745308,01/01/2016 00:00,21/10/2015 10:07,83923188,16952483976,83923188,202,11558,,https://sra-downloadb.st-va.ncbi.nlm.nih.gov/sos2/sra-pub-run-6/SRR2745308/SRR2745308.1,SRX1359961,,WGS,RANDOM,GENOMIC,PAIRED,650,0,ILLUMINA,Illumina HiSeq 2000,SRP065057,PRJNA297202,,297202,SRS1124113,SAMN04198244,simple,113636,Populus tremula,SwAsp009,,,,,,,no,,,,,UMEÅ UNIVERSITY,SRA301107,,public,347137CFEB97225910A797CCEED3AC40,146156448A509BA54ED6827AF7C9A69D
SRR2745309,01/01/2016 00:00,21/10/2015 09:47,83923188,8476241988,83923188,101,5791,,https://sra-downloadb.st-va.ncbi.nlm.nih.gov/sos2/sra-pub-run-6/SRR2745309/SRR2745309.1,SRX1359961,,WGS,RANDOM,GENOMIC,PAIRED,650,0,ILLUMINA,Illumina HiSeq 2000,SRP065057,PRJNA297202,,297202,SRS1124113,SAMN04198244,simple,113636,Populus tremula,SwAsp009,,,,,,,no,,,,,UMEÅ UNIVERSITY,SRA301107,,public,33962F73EACD6917987181EA60E9922F,6047B7ADF106053A9D8E2B2A26810BE8
SRR4301398,04/10/2016 16:19,29/09/2016 15:54,101942148,20592313896,101942148,202,14076,,https://sra-downloadb.st-va.ncbi.nlm.nih.gov/sos2/sra-pub-run-4/SRR4301398/SRR4301398.1,SRX2195758,SwAsp010,WGS,RANDOM,GENOMIC,PAIRED,0,0,ILLUMINA,Illumina HiSeq 2000,SRP065057,PRJNA297202,,297202,SRS1717692,SAMN05830639,simple,113636,Populus tremula,SwAsp010,,,,,,,no,,,,,UMEA UNIVERISTY,SRA480929,,public,8F81FCA6272CFC151F4B626598FD1C1B,516CDD481E33E68FCD824D7626AF8C29
SRR2745904,01/01/2016 00:00,21/10/2015 11:37,171264981,34595526162,171264981,202,23943,,https://sra-downloadb.st-va.ncbi.nlm.nih.gov/sos2/sra-pub-run-6/SRR2745904/SRR2745904.1,SRX1360084,,WGS,RANDOM,GENOMIC,PAIRED,0,0,ILLUMINA,Illumina HiSeq 2000,SRP065057,PRJNA297202,,297202,SRS1124143,SAMN04198245,simple,113636,Populus tremula,SwAsp011,,,,,,,no,,,,,UMEÅ UNIVERSITY,SRA301107,,public,3E068F7530CBB1AD0AF47BE04A51FA15,2B00BE9D42CF42CA806E3BAAB8DCF816
SRR4301409,04/10/2016 16:20,29/09/2016 15:46,69100568,13958314736,69100568,202,9850,,https://sra-downloadb.st-va.ncbi.nlm.nih.gov/sos1/sra-pub-run-10/SRR4301409/SRR4301409.1,SRX2195769,SwAsp012,WGS,RANDOM,GENOMIC,PAIRED,0,0,ILLUMINA,Illumina HiSeq 2000,SRP065057,PRJNA297202,,297202,SRS1717703,SAMN05830640,simple,113636,Populus tremula,SwAsp012,,,,,,,no,,,,,UMEA UNIVERISTY,SRA480929,,public,2FBE73D050B7765AF820803AA15FDB89,D8AA671F97F25EF8DAB39A512E1A37E2
SRR4301420,04/10/2016 16:16,29/09/2016 15:52,56990620,11512105240,56990620,202,8187,,https://sra-downloadb.st-va.ncbi.nlm.nih.gov/sos2/sra-pub-run-3/SRR4301420/SRR4301420.1,SRX2195780,SwAsp013,WGS,RANDOM,GENOMIC,PAIRED,0,0,ILLUMINA,Illumina HiSeq 2000,SRP065057,PRJNA297202,,297202,SRS1717714,SAMN05830641,simple,113636,Populus tremula,SwAsp013,,,,,,,no,,,,,UMEA UNIVERISTY,SRA480929,,public,EB4C82A778821E2D0CD393F1398F80E2,27480EDCA114861613969D6CC767B23F
SRR2745905,01/01/2016 00:00,21/10/2015 10:58,91481943,18479352486,91481943,202,13063,,https://sra-downloadb.st-va.ncbi.nlm.nih.gov/sos2/sra-pub-run-6/SRR2745905/SRR2745905.1,SRX1360085,,WGS,RANDOM,GENOMIC,PAIRED,0,0,ILLUMINA,Illumina HiSeq 2000,SRP065057,PRJNA297202,,297202,SRS1124144,SAMN04198246,simple,113636,Populus tremula,SwAsp014,,,,,,,no,,,,,UMEÅ UNIVERSITY,SRA301107,,public,7DA4FF7C5DE29615D40F4BCA65C14694,0742EEE8FDEE9E55680BBD97D5DF30E5
SRR4301432,03/10/2016 19:02,28/09/2016 16:50,47453190,9585544380,47453190,202,6977,,https://sra-downloadb.st-va.ncbi.nlm.nih.gov/sos2/sra-pub-run-3/SRR4301432/SRR4301432.1,SRX2195791,SwAsp015,WGS,RANDOM,GENOMIC,PAIRED,0,0,ILLUMINA,Illumina HiSeq 2000,SRP065057,PRJNA297202,,297202,SRS1717725,SAMN05830642,simple,113636,Populus tremula,SwAsp015,,,,,,,no,,,,,UMEA UNIVERISTY,SRA480929,,public,8FD885BF589F4BDF6E98520AB9B95506,A73DB37B0676F8AA95C80B813A31A86F
SRR4301481,03/10/2016 19:05,28/09/2016 16:52,35663533,7204033666,35663533,202,5239,,https://sra-downloadb.st-va.ncbi.nlm.nih.gov/sos1/sra-pub-run-10/SRR4301481/SRR4301481.1,SRX2195822,SwAsp016,WGS,RANDOM,GENOMIC,PAIRED,0,0,ILLUMINA,Illumina HiSeq 2000,SRP065057,PRJNA297202,,297202,SRS1717750,SAMN05830643,simple,113636,Populus tremula,SwAsp016,,,,,,,no,,,,,UMEA UNIVERISTY,SRA480929,,public,B5262A0A3F47D64E38167434EFF3DE56,E243646E6DD5698A23C869384AD49D27
SRR4301482,03/10/2016 19:12,28/09/2016 16:49,30762254,6213975308,30762254,202,3795,,https://sra-downloadb.st-va.ncbi.nlm.nih.gov/sos1/sra-pub-run-10/SRR4301482/SRR4301482.1,SRX2195823,SwAsp018,WGS,RANDOM,GENOMIC,PAIRED,0,0,ILLUMINA,Illumina HiSeq 2000,SRP065057,PRJNA297202,,297202,SRS1717751,SAMN05830644,simple,113636,Populus tremula,SwAsp018,,,,,,,no,,,,,UMEA UNIVERISTY,SRA480929,,public,79F5F01F11D58C17E92F800C1D91633A,5F237073662937FA144093FFE8580413
SRR2745906,01/01/2016 00:00,21/10/2015 11:07,68323955,13801438910,68323955,202,9873,,https://sra-downloadb.st-va.ncbi.nlm.nih.gov/sos2/sra-pub-run-6/SRR2745906/SRR2745906.1,SRX1360086,,WGS,RANDOM,GENOMIC,PAIRED,0,0,ILLUMINA,Illumina HiSeq 2000,SRP065057,PRJNA297202,,297202,SRS1124145,SAMN04198247,simple,113636,Populus tremula,SwAsp021,,,,,,,no,,,,,UMEÅ UNIVERSITY,SRA301107,,public,1127DE02C7069EB1F0409882EF5FD61B,4AF5B9316EBE4990C5C266C18A66D4C4
SRR4301483,03/10/2016 19:07,28/09/2016 17:04,51395056,10381801312,51395056,202,7451,,https://sra-downloadb.st-va.ncbi.nlm.nih.gov/sos1/sra-pub-run-10/SRR4301483/SRR4301483.1,SRX2195824,SwAsp022,WGS,RANDOM,GENOMIC,PAIRED,0,0,ILLUMINA,Illumina HiSeq 2000,SRP065057,PRJNA297202,,297202,SRS1717752,SAMN05830645,simple,113636,Populus tremula,SwAsp022,,,,,,,no,,,,,UMEA UNIVERISTY,SRA480929,,public,79BCEE24C9AC7D74663607A518783321,6BF8AEB76EC0CB2AF7EC73C0DBC79368
SRR4301377,03/10/2016 16:53,28/09/2016 16:49,48975481,9893047162,48975481,202,6326,,https://sra-downloadb.st-va.ncbi.nlm.nih.gov/sos1/sra-pub-run-10/SRR4301377/SRR4301377.1,SRX2195737,SwAsp023,WGS,RANDOM,GENOMIC,PAIRED,0,0,ILLUMINA,Illumina HiSeq 2000,SRP065057,PRJNA297202,,297202,SRS1717670,SAMN05830646,simple,113636,Populus tremula,SwAsp023,,,,,,,no,,,,,UMEA UNIVERISTY,SRA480929,,public,DD31F3CFCEB7EC769B4E5576DDBFE4A4,5F2B0644AB678A41B91DF54A330AB2BA
SRR4301378,03/10/2016 16:48,28/09/2016 16:43,33475241,6761998682,33475241,202,4841,,https://sra-downloadb.st-va.ncbi.nlm.nih.gov/sos2/sra-pub-run-3/SRR4301378/SRR4301378.1,SRX2195738,SwAsp024,WGS,RANDOM,GENOMIC,PAIRED,0,0,ILLUMINA,Illumina HiSeq 2000,SRP065057,PRJNA297202,,297202,SRS1717671,SAMN05830647,simple,113636,Populus tremula,SwAsp024,,,,,,,no,,,,,UMEA UNIVERISTY,SRA480929,,public,7985ABD9D18501240113E169BF611E26,2474B5DA5780834B37CDC26F77D4942C
SRR2745907,01/01/2016 00:00,21/10/2015 10:49,67573516,13649850232,67573516,202,9695,,https://sra-downloadb.st-va.ncbi.nlm.nih.gov/sos2/sra-pub-run-6/SRR2745907/SRR2745907.1,SRX1360087,,WGS,RANDOM,GENOMIC,PAIRED,0,0,ILLUMINA,Illumina HiSeq 2000,SRP065057,PRJNA297202,,297202,SRS1124146,SAMN04198248,simple,113636,Populus tremula,SwAsp025,,,,,,,no,,,,,UMEÅ UNIVERSITY,SRA301107,,public,75B05FB8D617029695F6B2BC29CD537D,2E9EC801A2436CD5024CF6E3A934AA83
SRR4301379,03/10/2016 17:09,28/09/2016 17:03,86375065,17447763130,86375065,202,12340,,https://sra-downloadb.st-va.ncbi.nlm.nih.gov/sos1/sra-pub-run-10/SRR4301379/SRR4301379.1,SRX2195739,SwAsp026,WGS,RANDOM,GENOMIC,PAIRED,0,0,ILLUMINA,Illumina HiSeq 2000,SRP065057,PRJNA297202,,297202,SRS1717673,SAMN05830648,simple,113636,Populus tremula,SwAsp026,,,,,,,no,,,,,UMEA UNIVERISTY,SRA480929,,public,B16825681D6251764A18A74159B3388F,CED8C3497939835E9D66FED2261A5E3F
SRR4301380,03/10/2016 16:49,28/09/2016 16:45,32517443,6568523486,32517443,202,4852,,https://sra-downloadb.st-va.ncbi.nlm.nih.gov/sos2/sra-pub-run-4/SRR4301380/SRR4301380.1,SRX2195740,SwAsp028,WGS,RANDOM,GENOMIC,PAIRED,0,0,ILLUMINA,Illumina HiSeq 2000,SRP065057,PRJNA297202,,297202,SRS1717672,SAMN05830649,simple,113636,Populus tremula,SwAsp028,,,,,,,no,,,,,UMEA UNIVERISTY,SRA480929,,public,8580033450FFE35E72ED83C91F96A46F,5A4454A709C6F6AF35D4AF841C109CA9
SRR4301381,03/10/2016 16:43,28/09/2016 16:39,31410720,6344965440,31410720,202,4671,,https://sra-downloadb.st-va.ncbi.nlm.nih.gov/sos1/sra-pub-run-10/SRR4301381/SRR4301381.1,SRX2195741,SwAsp029,WGS,RANDOM,GENOMIC,PAIRED,0,0,ILLUMINA,Illumina HiSeq 2000,SRP065057,PRJNA297202,,297202,SRS1717674,SAMN05830650,simple,113636,Populus tremula,SwAsp029,,,,,,,no,,,,,UMEA UNIVERISTY,SRA480929,,public,7AC6425E42E2116892A7D2EC6DF156CB,579C2B9EA9BBF536312DF56F945AD51A
SRR4301382,03/10/2016 19:13,28/09/2016 19:06,78273612,15811269624,78273612,202,11418,,https://sra-downloadb.st-va.ncbi.nlm.nih.gov/sos1/sra-pub-run-10/SRR4301382/SRR4301382.1,SRX2195742,SwAsp030,WGS,RANDOM,GENOMIC,PAIRED,0,0,ILLUMINA,Illumina HiSeq 2000,SRP065057,PRJNA297202,,297202,SRS1717675,SAMN05830651,simple,113636,Populus tremula,SwAsp030,,,,,,,no,,,,,UMEA UNIVERISTY,SRA480929,,public,EA6702D188B07496BF9D8B490F2CACED,38538FE8FF5C2B5522E89CFCD5C35AB9
SRR2745908,01/01/2016 00:00,21/10/2015 11:21,75415125,15233855250,75415125,202,10679,,https://sra-downloadb.st-va.ncbi.nlm.nih.gov/sos2/sra-pub-run-6/SRR2745908/SRR2745908.1,SRX1360088,,WGS,RANDOM,GENOMIC,PAIRED,0,0,ILLUMINA,Illumina HiSeq 2000,SRP065057,PRJNA297202,,297202,SRS1124148,SAMN04198249,simple,113636,Populus tremula,SwAsp032,,,,,,,no,,,,,UMEÅ UNIVERSITY,SRA301107,,public,2890D04A9C1469DC564124390BCAF410,B477CDF3FEF969A0928CA2EDC7B5B71C
SRR2745909,01/01/2016 00:00,21/10/2015 10:53,78120384,15780317568,78120384,202,11295,,https://sra-downloadb.st-va.ncbi.nlm.nih.gov/sos2/sra-pub-run-6/SRR2745909/SRR2745909.1,SRX1360090,,WGS,RANDOM,GENOMIC,PAIRED,0,0,ILLUMINA,Illumina HiSeq 2000,SRP065057,PRJNA297202,,297202,SRS1124149,SAMN04198250,simple,113636,Populus tremula,SwAsp033,,,,,,,no,,,,,UMEÅ UNIVERSITY,SRA301107,,public,14F14F2B1FA9EC37386CB076B624128C,D4FE5B6B9ADD15C65AB76491F2AE2D8B
SRR4301383,03/10/2016 16:59,28/09/2016 16:56,36912839,7456393478,36912839,202,5423,,https://sra-downloadb.st-va.ncbi.nlm.nih.gov/sos2/sra-pub-run-3/SRR4301383/SRR4301383.1,SRX2195743,SwAsp034,WGS,RANDOM,GENOMIC,PAIRED,0,0,ILLUMINA,Illumina HiSeq 2000,SRP065057,PRJNA297202,,297202,SRS1717676,SAMN05830652,simple,113636,Populus tremula,SwAsp034,,,,,,,no,,,,,UMEA UNIVERISTY,SRA480929,,public,65F03CA100B2E75FD7E44F38F136236F,AC8EA973B4B90D12E483157A8F40A1E6
SRR4301384,03/10/2016 16:58,28/09/2016 16:52,72708295,14687075590,72708295,202,10656,,https://sra-downloadb.st-va.ncbi.nlm.nih.gov/sos1/sra-pub-run-10/SRR4301384/SRR4301384.1,SRX2195744,SwAsp035,WGS,RANDOM,GENOMIC,PAIRED,0,0,ILLUMINA,Illumina HiSeq 2000,SRP065057,PRJNA297202,,297202,SRS1717677,SAMN05830653,simple,113636,Populus tremula,SwAsp035,,,,,,,no,,,,,UMEA UNIVERISTY,SRA480929,,public,B19DC5B6BE7900261D43A8A1C37323D6,5B64261E4531BEC9A7AA3A2F8C306B67
SRR4301385,03/10/2016 16:50,28/09/2016 16:46,53508778,10808773156,53508778,202,7879,,https://sra-downloadb.st-va.ncbi.nlm.nih.gov/sos1/sra-pub-run-10/SRR4301385/SRR4301385.1,SRX2195745,SwAsp036,WGS,RANDOM,GENOMIC,PAIRED,0,0,ILLUMINA,Illumina HiSeq 2000,SRP065057,PRJNA297202,,297202,SRS1717678,SAMN05830654,simple,113636,Populus tremula,SwAsp036,,,,,,,no,,,,,UMEA UNIVERISTY,SRA480929,,public,9624122C89E10DD5C4C75BFB4696575A,368855989F6B61630E140BBE696D19C6
SRR4301386,03/10/2016 16:41,28/09/2016 16:36,19046644,3847422088,19046644,202,2802,,https://sra-downloadb.st-va.ncbi.nlm.nih.gov/sos2/sra-pub-run-3/SRR4301386/SRR4301386.1,SRX2195746,SwAsp037,WGS,RANDOM,GENOMIC,PAIRED,0,0,ILLUMINA,Illumina HiSeq 2000,SRP065057,PRJNA297202,,297202,SRS1717679,SAMN05830655,simple,113636,Populus tremula,SwAsp037,,,,,,,no,,,,,UMEA UNIVERISTY,SRA480929,,public,18363E166294C8A8152F93B758967C59,A8BD98A2ECC845D3B3D8B2FFB2308FE3
SRR4301388,03/10/2016 17:03,28/09/2016 16:56,81528240,16468704480,81528240,202,11416,,https://sra-downloadb.st-va.ncbi.nlm.nih.gov/sos2/sra-pub-run-3/SRR4301388/SRR4301388.1,SRX2195748,SwAsp038,WGS,RANDOM,GENOMIC,PAIRED,0,0,ILLUMINA,Illumina HiSeq 2000,SRP065057,PRJNA297202,,297202,SRS1717681,SAMN05830656,simple,113636,Populus tremula,SwAsp038,,,,,,,no,,,,,UMEA UNIVERISTY,SRA480929,,public,EA2F23E9A39A2B29DF3B8D65934D5BFD,680D4479F836D5118ED0D547ADEBD397
SRR4301389,03/10/2016 16:48,28/09/2016 16:44,28935031,5844876262,28935031,202,4276,,https://sra-downloadb.st-va.ncbi.nlm.nih.gov/sos1/sra-pub-run-10/SRR4301389/SRR4301389.1,SRX2195749,SwAsp039,WGS,RANDOM,GENOMIC,PAIRED,0,0,ILLUMINA,Illumina HiSeq 2000,SRP065057,PRJNA297202,,297202,SRS1717682,SAMN05830657,simple,113636,Populus tremula,SwAsp039,,,,,,,no,,,,,UMEA UNIVERISTY,SRA480929,,public,B0722E3672D6C281A3F18BFE82D04BC9,092C2925138E774E131F31B7C7C1CE6A
SRR4301390,04/10/2016 16:15,29/09/2016 15:54,76175219,15387394238,76175219,202,11243,,https://sra-downloadb.st-va.ncbi.nlm.nih.gov/sos1/sra-pub-run-10/SRR4301390/SRR4301390.1,SRX2195750,SwAsp040,WGS,RANDOM,GENOMIC,PAIRED,0,0,ILLUMINA,Illumina HiSeq 2000,SRP065057,PRJNA297202,,297202,SRS1717683,SAMN05830658,simple,113636,Populus tremula,SwAsp040,,,,,,,no,,,,,UMEA UNIVERISTY,SRA480929,,public,2533E2B5E2CCF87C0C034EC771DF631A,3BC33966073E76DE05156BEC4D0D338F
SRR4301391,04/10/2016 16:13,29/09/2016 15:50,70561842,14253492084,70561842,202,10048,,https://sra-downloadb.st-va.ncbi.nlm.nih.gov/sos1/sra-pub-run-10/SRR4301391/SRR4301391.1,SRX2195751,SwAsp041,WGS,RANDOM,GENOMIC,PAIRED,0,0,ILLUMINA,Illumina HiSeq 2000,SRP065057,PRJNA297202,,297202,SRS1717685,SAMN05830659,simple,113636,Populus tremula,SwAsp041,,,,,,,no,,,,,UMEA UNIVERISTY,SRA480929,,public,3D33FD07C6FEDC44265164CCF8E082EF,2FF731722D6FA7625D75F7E736D7C5D7
SRR4301392,04/10/2016 15:48,29/09/2016 15:39,67977048,13731363696,67977048,202,9659,,https://sra-downloadb.st-va.ncbi.nlm.nih.gov/sos1/sra-pub-run-10/SRR4301392/SRR4301392.1,SRX2195752,SwAsp042,WGS,RANDOM,GENOMIC,PAIRED,0,0,ILLUMINA,Illumina HiSeq 2000,SRP065057,PRJNA297202,,297202,SRS1717686,SAMN05830660,simple,113636,Populus tremula,SwAsp042,,,,,,,no,,,,,UMEA UNIVERISTY,SRA480929,,public,F9D1C446158636434CEFC0524D7AB235,77BA952D2CF082C354E4CC398B2C7CF1
SRR4301393,03/10/2016 17:16,28/09/2016 16:50,55722328,11255910256,55722328,202,7928,,https://sra-downloadb.st-va.ncbi.nlm.nih.gov/sos1/sra-pub-run-10/SRR4301393/SRR4301393.1,SRX2195753,SwAsp043,WGS,RANDOM,GENOMIC,PAIRED,0,0,ILLUMINA,Illumina HiSeq 2000,SRP065057,PRJNA297202,,297202,SRS1717687,SAMN05830661,simple,113636,Populus tremula,SwAsp043,,,,,,,no,,,,,UMEA UNIVERISTY,SRA480929,,public,2F189E8E7A3544D664B2577358F14D2A,D0AD11B274D7556890B4487251A98D70
SRR4301394,04/10/2016 15:48,29/09/2016 15:39,66833119,13500290038,66833119,202,9487,,https://sra-downloadb.st-va.ncbi.nlm.nih.gov/sos2/sra-pub-run-3/SRR4301394/SRR4301394.1,SRX2195754,SwAsp044,WGS,RANDOM,GENOMIC,PAIRED,0,0,ILLUMINA,Illumina HiSeq 2000,SRP065057,PRJNA297202,,297202,SRS1717688,SAMN05830662,simple,113636,Populus tremula,SwAsp044,,,,,,,no,,,,,UMEA UNIVERISTY,SRA480929,,public,E3D405B0B559FDB158BA544519A14A26,B01CCA96DD4EB10A86F65FF8FB3F2385
SRR2745910,01/01/2016 00:00,21/10/2015 11:06,75797601,15311115402,75797601,202,10778,,https://sra-downloadb.st-va.ncbi.nlm.nih.gov/sos2/sra-pub-run-6/SRR2745910/SRR2745910.1,SRX1360091,,WGS,RANDOM,GENOMIC,PAIRED,0,0,ILLUMINA,Illumina HiSeq 2000,SRP065057,PRJNA297202,,297202,SRS1124150,SAMN04198251,simple,113636,Populus tremula,SwAsp045,,,,,,,no,,,,,UMEÅ UNIVERSITY,SRA301107,,public,FAFBD5468C797FB8678347CE289320C4,0E50CC43A68F5CE962AE6A4441116ADB
SRR4301395,04/10/2016 16:18,29/09/2016 15:51,102816903,20769014406,102816903,202,14383,,https://sra-downloadb.st-va.ncbi.nlm.nih.gov/sos2/sra-pub-run-3/SRR4301395/SRR4301395.1,SRX2195755,SwAsp046,WGS,RANDOM,GENOMIC,PAIRED,0,0,ILLUMINA,Illumina HiSeq 2000,SRP065057,PRJNA297202,,297202,SRS1717689,SAMN05830663,simple,113636,Populus tremula,SwAsp046,,,,,,,no,,,,,UMEA UNIVERISTY,SRA480929,,public,9C9710B9411659E6AC75C500292DD70B,A30ADF4A6F6DBBD1531F43811501C987
SRR2745911,01/01/2016 00:00,21/10/2015 10:58,77904829,15736775458,77904829,202,10797,,https://sra-downloadb.st-va.ncbi.nlm.nih.gov/sos2/sra-pub-run-6/SRR2745911/SRR2745911.1,SRX1360092,,WGS,RANDOM,GENOMIC,PAIRED,0,0,ILLUMINA,Illumina HiSeq 2000,SRP065057,PRJNA297202,,297202,SRS1124151,SAMN04198252,simple,113636,Populus tremula,SwAsp047,,,,,,,no,,,,,UMEÅ UNIVERSITY,SRA301107,,public,30183D8FD32E974E7D35FD09203FBFFD,C8A9BD10E009DB31E24557C7CE1D0A12
SRR4301396,04/10/2016 16:19,29/09/2016 15:53,93355202,18857750804,93355202,202,13245,,https://sra-downloadb.st-va.ncbi.nlm.nih.gov/sos1/sra-pub-run-10/SRR4301396/SRR4301396.1,SRX2195756,SwAsp049,WGS,RANDOM,GENOMIC,PAIRED,0,0,ILLUMINA,Illumina HiSeq 2000,SRP065057,PRJNA297202,,297202,SRS1717690,SAMN05830664,simple,113636,Populus tremula,SwAsp049,,,,,,,no,,,,,UMEA UNIVERISTY,SRA480929,,public,9A5C720666D19AC383EF53FF681E635C,014C73512DDC34F965E2D2CE1CAB7A1F
SRR4301397,04/10/2016 15:38,29/09/2016 15:34,64285349,12985640498,64285349,202,9113,,https://sra-downloadb.st-va.ncbi.nlm.nih.gov/sos2/sra-pub-run-4/SRR4301397/SRR4301397.1,SRX2195757,SwAsp050,WGS,RANDOM,GENOMIC,PAIRED,0,0,ILLUMINA,Illumina HiSeq 2000,SRP065057,PRJNA297202,,297202,SRS1717691,SAMN05830665,simple,113636,Populus tremula,SwAsp050,,,,,,,no,,,,,UMEA UNIVERISTY,SRA480929,,public,F4D7E8753BC37FA1DBE6186FF67CB1A8,F503C59CC15B31A11F7ADC2DA6CF48DE
SRR4301399,03/10/2016 18:37,28/09/2016 16:48,52813453,10668317506,52813453,202,6911,,https://sra-downloadb.st-va.ncbi.nlm.nih.gov/sos2/sra-pub-run-4/SRR4301399/SRR4301399.1,SRX2195759,SwAsp051,WGS,RANDOM,GENOMIC,PAIRED,0,0,ILLUMINA,Illumina HiSeq 2000,SRP065057,PRJNA297202,,297202,SRS1717693,SAMN05830666,simple,113636,Populus tremula,SwAsp051,,,,,,,no,,,,,UMEA UNIVERISTY,SRA480929,,public,CF0F4E6E561C02DD63A28FDF1A1ADF12,C28679BB49D8E5F102995C4844CA4945
SRR4301400,04/10/2016 15:48,29/09/2016 15:38,60682837,12257933074,60682837,202,8635,,https://sra-downloadb.st-va.ncbi.nlm.nih.gov/sos2/sra-pub-run-4/SRR4301400/SRR4301400.1,SRX2195760,SwAsp052,WGS,RANDOM,GENOMIC,PAIRED,0,0,ILLUMINA,Illumina HiSeq 2000,SRP065057,PRJNA297202,,297202,SRS1717694,SAMN05830667,simple,113636,Populus tremula,SwAsp052,,,,,,,no,,,,,UMEA UNIVERISTY,SRA480929,,public,2E591E5F30AF88F6AC43847188AECA58,1CA062A9A02F73FEB82C84847B4BDD8A
SRR4301401,04/10/2016 16:16,29/09/2016 15:51,88099245,17796047490,88099245,202,12464,,https://sra-downloadb.st-va.ncbi.nlm.nih.gov/sos2/sra-pub-run-4/SRR4301401/SRR4301401.1,SRX2195761,SwAsp054,WGS,RANDOM,GENOMIC,PAIRED,0,0,ILLUMINA,Illumina HiSeq 2000,SRP065057,PRJNA297202,,297202,SRS1717695,SAMN05830668,simple,113636,Populus tremula,SwAsp054,,,,,,,no,,,,,UMEA UNIVERISTY,SRA480929,,public,3AA9B69AF8112359312AAE96033E2972,60FC9232B54A297099C0A3DAED75BAEC
SRR2745912,01/01/2016 00:00,21/10/2015 11:01,84228436,17014144072,84228436,202,12125,,https://sra-downloadb.st-va.ncbi.nlm.nih.gov/sos2/sra-pub-run-6/SRR2745912/SRR2745912.1,SRX1360093,,WGS,RANDOM,GENOMIC,PAIRED,0,0,ILLUMINA,Illumina HiSeq 2000,SRP065057,PRJNA297202,,297202,SRS1124152,SAMN04198253,simple,113636,Populus tremula,SwAsp055,,,,,,,no,,,,,UMEÅ UNIVERSITY,SRA301107,,public,1F737411F4192B00AA41D6A9A3A2D433,24A6CE671B002AB0ED219C42099E1347
SRR4301402,04/10/2016 16:39,29/09/2016 16:28,85980992,17368160384,85980992,202,12112,,https://sra-downloadb.st-va.ncbi.nlm.nih.gov/sos1/sra-pub-run-10/SRR4301402/SRR4301402.1,SRX2195762,SwAsp056,WGS,RANDOM,GENOMIC,PAIRED,0,0,ILLUMINA,Illumina HiSeq 2000,SRP065057,PRJNA297202,,297202,SRS1717696,SAMN05830669,simple,113636,Populus tremula,SwAsp056,,,,,,,no,,,,,UMEA UNIVERISTY,SRA480929,,public,55DB4219B112690F90CBC949CAA8FA81,7B9AC6B319A99AD21217AB1B73ABB11C
SRR2745961,01/01/2016 00:00,21/10/2015 11:04,91269540,18436447080,91269540,202,13105,,https://sra-downloadb.st-va.ncbi.nlm.nih.gov/sos2/sra-pub-run-6/SRR2745961/SRR2745961.1,SRX1360094,,WGS,RANDOM,GENOMIC,PAIRED,0,0,ILLUMINA,Illumina HiSeq 2000,SRP065057,PRJNA297202,,297202,SRS1124200,SAMN04198254,simple,113636,Populus tremula,SwAsp057,,,,,,,no,,,,,UMEÅ UNIVERSITY,SRA301107,,public,3F6D54F30D7DDB4FE665DDB133C6AF11,838CF3B5076B95878B6E2AC1FA5D76AD
SRR4301403,04/10/2016 16:16,29/09/2016 15:54,95514577,19293944554,95514577,202,13138,,https://sra-downloadb.st-va.ncbi.nlm.nih.gov/sos1/sra-pub-run-10/SRR4301403/SRR4301403.1,SRX2195763,SwAsp058,WGS,RANDOM,GENOMIC,PAIRED,0,0,ILLUMINA,Illumina HiSeq 2000,SRP065057,PRJNA297202,,297202,SRS1717697,SAMN05830670,simple,113636,Populus tremula,SwAsp058,,,,,,,no,,,,,UMEA UNIVERISTY,SRA480929,,public,5AC7C1725A21B86497F35331AB13F5F8,9F10CE676B336B2DBC1C44322A48C104
SRR4301404,04/10/2016 15:53,29/09/2016 15:43,77465845,15648100690,77465845,202,10960,,https://sra-downloadb.st-va.ncbi.nlm.nih.gov/sos2/sra-pub-run-4/SRR4301404/SRR4301404.1,SRX2195764,SwAsp059,WGS,RANDOM,GENOMIC,PAIRED,0,0,ILLUMINA,Illumina HiSeq 2000,SRP065057,PRJNA297202,,297202,SRS1717698,SAMN05830671,simple,113636,Populus tremula,SwAsp059,,,,,,,no,,,,,UMEA UNIVERISTY,SRA480929,,public,EA3C42E9258E65B890F0D70CFBCCF388,0DE36BE61710917289EEE639FAF7805D
SRR4301405,04/10/2016 16:16,29/09/2016 15:45,71344992,14411688384,71344992,202,10209,,https://sra-downloadb.st-va.ncbi.nlm.nih.gov/sos2/sra-pub-run-3/SRR4301405/SRR4301405.1,SRX2195765,SwAsp060,WGS,RANDOM,GENOMIC,PAIRED,0,0,ILLUMINA,Illumina HiSeq 2000,SRP065057,PRJNA297202,,297202,SRS1717699,SAMN05830672,simple,113636,Populus tremula,SwAsp060,,,,,,,no,,,,,UMEA UNIVERISTY,SRA480929,,public,1AD162B172D298F2380D7E57AB28CDDB,9AC582D57BFB1DD811DFAE53DE596D5E
SRR4301406,04/10/2016 15:52,29/09/2016 15:41,64615582,13052347564,64615582,202,9234,,https://sra-downloadb.st-va.ncbi.nlm.nih.gov/sos1/sra-pub-run-10/SRR4301406/SRR4301406.1,SRX2195766,SwAsp061,WGS,RANDOM,GENOMIC,PAIRED,0,0,ILLUMINA,Illumina HiSeq 2000,SRP065057,PRJNA297202,,297202,SRS1717700,SAMN05830673,simple,113636,Populus tremula,SwAsp061,,,,,,,no,,,,,UMEA UNIVERISTY,SRA480929,,public,0A11FFC7655F6118A5CF49BBEA55E751,BE6DAF66F69B11C914B5EE6B90845A65
SRR4301407,04/10/2016 15:48,29/09/2016 15:40,50006934,10101400668,50006934,202,7084,,https://sra-downloadb.st-va.ncbi.nlm.nih.gov/sos2/sra-pub-run-4/SRR4301407/SRR4301407.1,SRX2195767,SwAsp062,WGS,RANDOM,GENOMIC,PAIRED,0,0,ILLUMINA,Illumina HiSeq 2000,SRP065057,PRJNA297202,,297202,SRS1717701,SAMN05830674,simple,113636,Populus tremula,SwAsp062,,,,,,,no,,,,,UMEA UNIVERISTY,SRA480929,,public,58BFAC4702700C17ABA5B900C292BE22,58F920A86554C6732F75C34DE3286E6A
SRR4301408,04/10/2016 15:48,29/09/2016 15:39,58460992,11809120384,58460992,202,8042,,https://sra-downloadb.st-va.ncbi.nlm.nih.gov/sos1/sra-pub-run-10/SRR4301408/SRR4301408.1,SRX2195768,SwAsp063,WGS,RANDOM,GENOMIC,PAIRED,0,0,ILLUMINA,Illumina HiSeq 2000,SRP065057,PRJNA297202,,297202,SRS1717702,SAMN05830675,simple,113636,Populus tremula,SwAsp063,,,,,,,no,,,,,UMEA UNIVERISTY,SRA480929,,public,B2D17AF563F48884CBDBF0632AD7137E,191E8AB07C5FC7AEE74B4CE941D06DAE
SRR4301410,04/10/2016 16:19,29/09/2016 15:47,52472349,10599414498,52472349,202,7111,,https://sra-downloadb.st-va.ncbi.nlm.nih.gov/sos2/sra-pub-run-3/SRR4301410/SRR4301410.1,SRX2195770,SwAsp064,WGS,RANDOM,GENOMIC,PAIRED,0,0,ILLUMINA,Illumina HiSeq 2000,SRP065057,PRJNA297202,,297202,SRS1717704,SAMN05830676,simple,113636,Populus tremula,SwAsp064,,,,,,,no,,,,,UMEA UNIVERISTY,SRA480929,,public,542C92DA1EA1E7FCA46615C36BFC1297,1B59D76DAEE79793CD96B81FE923C2E9
SRR4301411,03/10/2016 18:44,28/09/2016 16:45,36822339,7438112478,36822339,202,4778,,https://sra-downloadb.st-va.ncbi.nlm.nih.gov/sos2/sra-pub-run-3/SRR4301411/SRR4301411.1,SRX2195771,SwAsp065,WGS,RANDOM,GENOMIC,PAIRED,0,0,ILLUMINA,Illumina HiSeq 2000,SRP065057,PRJNA297202,,297202,SRS1717705,SAMN05830677,simple,113636,Populus tremula,SwAsp065,,,,,,,no,,,,,UMEA UNIVERISTY,SRA480929,,public,B5D4831811C9C698A5919498C97571B1,F79AF11A833FC2841C5CEB90FB49012C
SRR4301412,04/10/2016 16:16,29/09/2016 15:52,66842866,13502258932,66842866,202,8997,,https://sra-downloadb.st-va.ncbi.nlm.nih.gov/sos1/sra-pub-run-10/SRR4301412/SRR4301412.1,SRX2195772,SwAsp066,WGS,RANDOM,GENOMIC,PAIRED,0,0,ILLUMINA,Illumina HiSeq 2000,SRP065057,PRJNA297202,,297202,SRS1717706,SAMN05830678,simple,113636,Populus tremula,SwAsp066,,,,,,,no,,,,,UMEA UNIVERISTY,SRA480929,,public,745A66D26057617D9DB96509B694336C,CFC97156AE2974736C1EC5F633249020
SRR2745962,01/01/2016 00:00,21/10/2015 11:06,81785969,16520765738,81785969,202,11634,,https://sra-downloadb.st-va.ncbi.nlm.nih.gov/sos2/sra-pub-run-6/SRR2745962/SRR2745962.1,SRX1360143,,WGS,RANDOM,GENOMIC,PAIRED,0,0,ILLUMINA,Illumina HiSeq 2000,SRP065057,PRJNA297202,,297202,SRS1124202,SAMN04198255,simple,113636,Populus tremula,SwAsp067,,,,,,,no,,,,,UMEÅ UNIVERSITY,SRA301107,,public,68881ACF7B9C873C11691707EB993634,828DD58C333D5797DE95052C43B6CD1A
SRR2745964,01/01/2016 00:00,21/10/2015 11:21,85031793,17176422186,85031793,202,12108,,https://sra-downloadb.st-va.ncbi.nlm.nih.gov/sos2/sra-pub-run-6/SRR2745964/SRR2745964.1,SRX1360144,,WGS,RANDOM,GENOMIC,PAIRED,0,0,ILLUMINA,Illumina HiSeq 2000,SRP065057,PRJNA297202,,297202,SRS1124203,SAMN04198256,simple,113636,Populus tremula,SwAsp068,,,,,,,no,,,,,UMEÅ UNIVERSITY,SRA301107,,public,CE92E36D511CF9215C539186019DA3BC,1AF125370BF2C744C4A7F5A3AF23507B
SRR4301413,04/10/2016 16:17,29/09/2016 15:44,66024291,13336906782,66024291,202,9479,,https://sra-downloadb.st-va.ncbi.nlm.nih.gov/sos2/sra-pub-run-3/SRR4301413/SRR4301413.1,SRX2195773,SwAsp069,WGS,RANDOM,GENOMIC,PAIRED,0,0,ILLUMINA,Illumina HiSeq 2000,SRP065057,PRJNA297202,,297202,SRS1717707,SAMN05830679,simple,113636,Populus tremula,SwAsp069,,,,,,,no,,,,,UMEA UNIVERISTY,SRA480929,,public,AF48991495C153D3E7532D57CDFC1C69,3E60F1E1D52AA99373F36B191D986FD1
SRR4301414,04/10/2016 15:51,29/09/2016 15:41,59986577,12117288554,59986577,202,8533,,https://sra-downloadb.st-va.ncbi.nlm.nih.gov/sos1/sra-pub-run-10/SRR4301414/SRR4301414.1,SRX2195774,SwAsp070,WGS,RANDOM,GENOMIC,PAIRED,0,0,ILLUMINA,Illumina HiSeq 2000,SRP065057,PRJNA297202,,297202,SRS1717708,SAMN05830680,simple,113636,Populus tremula,SwAsp070,,,,,,,no,,,,,UMEA UNIVERISTY,SRA480929,,public,41C9DC7CBEAF112D022510612CD97872,89D248A68A5A2C743A376178E37DF6F0
SRR4301415,04/10/2016 15:53,29/09/2016 15:43,57643574,11644001948,57643574,202,7753,,https://sra-downloadb.st-va.ncbi.nlm.nih.gov/sos1/sra-pub-run-10/SRR4301415/SRR4301415.1,SRX2195775,SwAsp071,WGS,RANDOM,GENOMIC,PAIRED,0,0,ILLUMINA,Illumina HiSeq 2000,SRP065057,PRJNA297202,,297202,SRS1717709,SAMN05830681,simple,113636,Populus tremula,SwAsp071,,,,,,,no,,,,,UMEA UNIVERISTY,SRA480929,,public,6E9043C12B917E0B1B2D0E18464BE642,B96C5A6E92BCC2615FC85AC0D970BF41
SRR4301416,03/10/2016 18:47,28/09/2016 16:43,38993264,7876639328,38993264,202,4924,,https://sra-downloadb.st-va.ncbi.nlm.nih.gov/sos2/sra-pub-run-4/SRR4301416/SRR4301416.1,SRX2195776,SwAsp072,WGS,RANDOM,GENOMIC,PAIRED,0,0,ILLUMINA,Illumina HiSeq 2000,SRP065057,PRJNA297202,,297202,SRS1717710,SAMN05830682,simple,113636,Populus tremula,SwAsp072,,,,,,,no,,,,,UMEA UNIVERISTY,SRA480929,,public,755B7867EC21FBC1A04BB59F67D00442,8259814A878FFAB59DB62986F5C553E0
SRR4301417,04/10/2016 16:18,29/09/2016 15:57,87262605,17627046210,87262605,202,11602,,https://sra-downloadb.st-va.ncbi.nlm.nih.gov/sos2/sra-pub-run-3/SRR4301417/SRR4301417.1,SRX2195777,SwAsp073,WGS,RANDOM,GENOMIC,PAIRED,0,0,ILLUMINA,Illumina HiSeq 2000,SRP065057,PRJNA297202,,297202,SRS1717711,SAMN05830683,simple,113636,Populus tremula,SwAsp073,,,,,,,no,,,,,UMEA UNIVERISTY,SRA480929,,public,85023BDF4EF6A09DAC09CAE10A3C6E79,7DE4D4C40CC17A2F82F1FD4B61D54DF2
SRR4301418,04/10/2016 16:16,29/09/2016 15:54,79575876,16074326952,79575876,202,10747,,https://sra-downloadb.st-va.ncbi.nlm.nih.gov/sos1/sra-pub-run-10/SRR4301418/SRR4301418.1,SRX2195778,SwAsp074,WGS,RANDOM,GENOMIC,PAIRED,0,0,ILLUMINA,Illumina HiSeq 2000,SRP065057,PRJNA297202,,297202,SRS1717712,SAMN05830684,simple,113636,Populus tremula,SwAsp074,,,,,,,no,,,,,UMEA UNIVERISTY,SRA480929,,public,2E93FD293BF043FF6AA2D29B81A05A24,B030CEC6B088E352EB8C6A6D53065CD4
SRR2745965,01/01/2016 00:00,21/10/2015 11:38,118361765,23909076530,118361765,202,15494,,https://sra-downloadb.st-va.ncbi.nlm.nih.gov/sos2/sra-pub-run-6/SRR2745965/SRR2745965.1,SRX1360145,,WGS,RANDOM,GENOMIC,PAIRED,0,0,ILLUMINA,Illumina HiSeq 2000,SRP065057,PRJNA297202,,297202,SRS1124204,SAMN04198257,simple,113636,Populus tremula,SwAsp076,,,,,,,no,,,,,UMEÅ UNIVERSITY,SRA301107,,public,81FBD9B96D229B40C63AA9A68329FEBD,B82E34AAF0E4B7086373495D9E0EC0C1
SRR4301419,04/10/2016 16:34,29/09/2016 15:45,63644809,12856251418,63644809,202,9022,,https://sra-downloadb.st-va.ncbi.nlm.nih.gov/sos1/sra-pub-run-10/SRR4301419/SRR4301419.1,SRX2195779,SwAsp077,WGS,RANDOM,GENOMIC,PAIRED,0,0,ILLUMINA,Illumina HiSeq 2000,SRP065057,PRJNA297202,,297202,SRS1717713,SAMN05830685,simple,113636,Populus tremula,SwAsp077,,,,,,,no,,,,,UMEA UNIVERISTY,SRA480929,,public,16A3396B120EBB556DE6145ACF4DEAE2,53A8416AABD110B3873838424A3C38E9
SRR2746465,01/01/2016 00:00,21/10/2015 13:23,77293890,15613365780,77293890,202,10876,,https://sra-downloadb.st-va.ncbi.nlm.nih.gov/sos2/sra-pub-run-6/SRR2746465/SRR2746465.1,SRX1360149,,WGS,RANDOM,GENOMIC,PAIRED,0,0,ILLUMINA,Illumina HiSeq 2000,SRP065057,PRJNA297202,,297202,SRS1124206,SAMN04198258,simple,113636,Populus tremula,SwAsp078,,,,,,,no,,,,,UMEÅ UNIVERSITY,SRA301107,,public,50EF554ED724EDA5C627A6FB73346A1C,E5D5506406E1B4AAAB2E2EF7D3470DB1
SRR4301421,04/10/2016 16:30,29/09/2016 16:15,69266532,13991839464,69266532,202,9874,,https://sra-downloadb.st-va.ncbi.nlm.nih.gov/sos2/sra-pub-run-3/SRR4301421/SRR4301421.1,SRX2195781,SwAsp079,WGS,RANDOM,GENOMIC,PAIRED,0,0,ILLUMINA,Illumina HiSeq 2000,SRP065057,PRJNA297202,,297202,SRS1717715,SAMN05830686,simple,113636,Populus tremula,SwAsp079,,,,,,,no,,,,,UMEA UNIVERISTY,SRA480929,,public,18BEB681CD78E4FAA0FF25F5A5DCA230,4FEF5B227A1999536624C7476154D4E1
SRR4301422,04/10/2016 16:14,29/09/2016 16:05,72947938,14735483476,72947938,202,10097,,https://sra-downloadb.st-va.ncbi.nlm.nih.gov/sos2/sra-pub-run-3/SRR4301422/SRR4301422.1,SRX2195782,SwAsp080,WGS,RANDOM,GENOMIC,PAIRED,0,0,ILLUMINA,Illumina HiSeq 2000,SRP065057,PRJNA297202,,297202,SRS1717716,SAMN05830687,simple,113636,Populus tremula,SwAsp080,,,,,,,no,,,,,UMEA UNIVERISTY,SRA480929,,public,B23AB9D87B4784AAA645A1AAFC025176,C99992908C6080672C3B837B6113AC04
SRR4301423,04/10/2016 16:19,29/09/2016 16:01,108929800,22003819600,108929800,202,15035,,https://sra-downloadb.st-va.ncbi.nlm.nih.gov/sos1/sra-pub-run-10/SRR4301423/SRR4301423.1,SRX2195783,SwAsp081,WGS,RANDOM,GENOMIC,PAIRED,0,0,ILLUMINA,Illumina HiSeq 2000,SRP065057,PRJNA297202,,297202,SRS1717717,SAMN05830688,simple,113636,Populus tremula,SwAsp081,,,,,,,no,,,,,UMEA UNIVERISTY,SRA480929,,public,4378B3A46AE79E84D71370FB009A7FE6,9EF151868001A49FCC08546C1E9C6508
SRR4301424,04/10/2016 16:27,29/09/2016 16:11,60603081,12241822362,60603081,202,8409,,https://sra-downloadb.st-va.ncbi.nlm.nih.gov/sos2/sra-pub-run-3/SRR4301424/SRR4301424.1,SRX2195784,SwAsp082,WGS,RANDOM,GENOMIC,PAIRED,0,0,ILLUMINA,Illumina HiSeq 2000,SRP065057,PRJNA297202,,297202,SRS1717718,SAMN05830689,simple,113636,Populus tremula,SwAsp082,,,,,,,no,,,,,UMEA UNIVERISTY,SRA480929,,public,6070E0317910251D6A800959BFDC31E6,C5DBCB56AB65F8CB8056CAD794B4F7AE
SRR4301425,04/10/2016 16:53,29/09/2016 16:11,62836304,12692933408,62836304,202,8865,,https://sra-downloadb.st-va.ncbi.nlm.nih.gov/sos2/sra-pub-run-4/SRR4301425/SRR4301425.1,SRX2195785,SwAsp084,WGS,RANDOM,GENOMIC,PAIRED,0,0,ILLUMINA,Illumina HiSeq 2000,SRP065057,PRJNA297202,,297202,SRS1717719,SAMN05830690,simple,113636,Populus tremula,SwAsp084,,,,,,,no,,,,,UMEA UNIVERISTY,SRA480929,,public,B8B5A7DC78FD768181567540541E22B3,CFF33FC59D27E2EEFA2837AC6619CD12
SRR4301426,04/10/2016 16:17,29/09/2016 15:48,65561881,13243499962,65561881,202,9203,,https://sra-downloadb.st-va.ncbi.nlm.nih.gov/sos2/sra-pub-run-3/SRR4301426/SRR4301426.1,SRX2195786,SwAsp086,WGS,RANDOM,GENOMIC,PAIRED,0,0,ILLUMINA,Illumina HiSeq 2000,SRP065057,PRJNA297202,,297202,SRS1717720,SAMN05830691,simple,113636,Populus tremula,SwAsp086,,,,,,,no,,,,,UMEA UNIVERISTY,SRA480929,,public,C969C5FE452A86E1B4FCB077CD22DD48,4AB35AB11040E09BB99EC8737D44B41C
SRR2746774,01/01/2016 00:00,21/10/2015 12:07,85484237,17267815874,85484237,202,11975,,https://sra-downloadb.st-va.ncbi.nlm.nih.gov/sos2/sra-pub-run-6/SRR2746774/SRR2746774.1,SRX1360317,,WGS,RANDOM,GENOMIC,PAIRED,0,0,ILLUMINA,Illumina HiSeq 2000,SRP065057,PRJNA297202,,297202,SRS1124243,SAMN04198259,simple,113636,Populus tremula,SwAsp087,,,,,,,no,,,,,UMEÅ UNIVERSITY,SRA301107,,public,989CB5F528126596343B6ACC93BECC48,52BC66794A4041B0DD72BE56791D1C9E
SRR2746831,01/01/2016 00:00,21/10/2015 12:07,81558630,16474843260,81558630,202,11403,,https://sra-downloadb.st-va.ncbi.nlm.nih.gov/sos2/sra-pub-run-6/SRR2746831/SRR2746831.1,SRX1360365,,WGS,RANDOM,GENOMIC,PAIRED,0,0,ILLUMINA,Illumina HiSeq 2000,SRP065057,PRJNA297202,,297202,SRS1124290,SAMN04198260,simple,113636,Populus tremula,SwAsp088,,,,,,,no,,,,,UMEÅ UNIVERSITY,SRA301107,,public,1132B6F70A2AB87EA0F9834037D70ED1,7009D25C137D8C252C321EA3E9788CF3
SRR4301428,04/10/2016 16:31,29/09/2016 16:17,70617048,14264643696,70617048,202,9856,,https://sra-downloadb.st-va.ncbi.nlm.nih.gov/sos1/sra-pub-run-10/SRR4301428/SRR4301428.1,SRX2195787,SwAsp089,WGS,RANDOM,GENOMIC,PAIRED,0,0,ILLUMINA,Illumina HiSeq 2000,SRP065057,PRJNA297202,,297202,SRS1717721,SAMN05830692,simple,113636,Populus tremula,SwAsp089,,,,,,,no,,,,,UMEA UNIVERISTY,SRA480929,,public,163E7850683D53B2109995D903EB1509,A8E916620CF91E11A9F50CC7DDA6E1A9
SRR4301429,04/10/2016 16:17,29/09/2016 15:59,66872230,13508190460,66872230,202,9345,,https://sra-downloadb.st-va.ncbi.nlm.nih.gov/sos1/sra-pub-run-10/SRR4301429/SRR4301429.1,SRX2195788,SwAsp090,WGS,RANDOM,GENOMIC,PAIRED,0,0,ILLUMINA,Illumina HiSeq 2000,SRP065057,PRJNA297202,,297202,SRS1717722,SAMN05830693,simple,113636,Populus tremula,SwAsp090,,,,,,,no,,,,,UMEA UNIVERISTY,SRA480929,,public,20B66974475541FB5327401984583C54,9894065B5ABF340A67CA6A8528BD0258
SRR4301430,04/10/2016 16:17,29/09/2016 15:44,61387539,12400282878,61387539,202,8606,,https://sra-downloadb.st-va.ncbi.nlm.nih.gov/sos1/sra-pub-run-10/SRR4301430/SRR4301430.1,SRX2195789,SwAsp091,WGS,RANDOM,GENOMIC,PAIRED,0,0,ILLUMINA,Illumina HiSeq 2000,SRP065057,PRJNA297202,,297202,SRS1717723,SAMN05830694,simple,113636,Populus tremula,SwAsp091,,,,,,,no,,,,,UMEA UNIVERISTY,SRA480929,,public,502C621CADCCFDB6E0379AAC120B4388,CCB9ADA0282AE8FFF24D9032F78DA3CC
SRR4301431,04/10/2016 16:21,29/09/2016 15:54,84876554,17145063908,84876554,202,11913,,https://sra-downloadb.st-va.ncbi.nlm.nih.gov/sos2/sra-pub-run-3/SRR4301431/SRR4301431.1,SRX2195790,SwAsp092,WGS,RANDOM,GENOMIC,PAIRED,0,0,ILLUMINA,Illumina HiSeq 2000,SRP065057,PRJNA297202,,297202,SRS1717724,SAMN05830695,simple,113636,Populus tremula,SwAsp092,,,,,,,no,,,,,UMEA UNIVERISTY,SRA480929,,public,6BF8E5B8BC146611BDE170FF28110575,50026FB9C51ACB503F018EBC60422ADC
SRR4301433,04/10/2016 16:23,29/09/2016 15:54,75615923,15274416446,75615923,202,10610,,https://sra-downloadb.st-va.ncbi.nlm.nih.gov/sos1/sra-pub-run-10/SRR4301433/SRR4301433.1,SRX2195792,SwAsp093,WGS,RANDOM,GENOMIC,PAIRED,0,0,ILLUMINA,Illumina HiSeq 2000,SRP065057,PRJNA297202,,297202,SRS1717726,SAMN05830696,simple,113636,Populus tremula,SwAsp093,,,,,,,no,,,,,UMEA UNIVERISTY,SRA480929,,public,BEB49F2C1CA4BC994F8904E2015FF3CC,71C9DE11941D4F4C716B704CEB943055
SRR4301434,04/10/2016 16:24,29/09/2016 15:58,81806424,16524897648,81806424,202,10981,,https://sra-downloadb.st-va.ncbi.nlm.nih.gov/sos2/sra-pub-run-4/SRR4301434/SRR4301434.1,SRX2195793,SwAsp094,WGS,RANDOM,GENOMIC,PAIRED,0,0,ILLUMINA,Illumina HiSeq 2000,SRP065057,PRJNA297202,,297202,SRS1717727,SAMN05830697,simple,113636,Populus tremula,SwAsp094,,,,,,,no,,,,,UMEA UNIVERISTY,SRA480929,,public,7CC9BA81B7F6C258F11BAB5E965FD67E,25E5E416F94F11E8903C38ADE5687B67
SRR4301435,03/10/2016 19:03,28/09/2016 16:48,49431822,9985228044,49431822,202,6913,,https://sra-downloadb.st-va.ncbi.nlm.nih.gov/sos1/sra-pub-run-10/SRR4301435/SRR4301435.1,SRX2195794,SwAsp095,WGS,RANDOM,GENOMIC,PAIRED,0,0,ILLUMINA,Illumina HiSeq 2000,SRP065057,PRJNA297202,,297202,SRS1717728,SAMN05830698,simple,113636,Populus tremula,SwAsp095,,,,,,,no,,,,,UMEA UNIVERISTY,SRA480929,,public,1B4310A48F883A77C377892E07EDBC3E,9B5DA53BD3FB8CA4B0AB4024944461E7
SRR2746685,01/01/2016 00:00,21/10/2015 12:15,84128822,16994022044,84128822,202,11747,,https://sra-downloadb.st-va.ncbi.nlm.nih.gov/sos2/sra-pub-run-6/SRR2746685/SRR2746685.1,SRX1360304,,WGS,RANDOM,GENOMIC,PAIRED,0,0,ILLUMINA,Illumina HiSeq 2000,SRP065057,PRJNA297202,,297202,SRS1124238,SAMN04198261,simple,113636,Populus tremula,SwAsp096,,,,,,,no,,,,,UMEÅ UNIVERSITY,SRA301107,,public,B8A9ABC3D2911BDA3FC5C7D0F5D566FD,DA9DA4F41AF8F2A84FAE5A72223FC16D
SRR4301436,04/10/2016 16:50,29/09/2016 16:11,86908711,17555559622,86908711,202,12138,,https://sra-downloadb.st-va.ncbi.nlm.nih.gov/sos1/sra-pub-run-10/SRR4301436/SRR4301436.1,SRX2195795,SwAsp097,WGS,RANDOM,GENOMIC,PAIRED,0,0,ILLUMINA,Illumina HiSeq 2000,SRP065057,PRJNA297202,,297202,SRS1717729,SAMN05830699,simple,113636,Populus tremula,SwAsp097,,,,,,,no,,,,,UMEA UNIVERISTY,SRA480929,,public,EB108DB3979097664ECEA9813C772E91,19A0D6B1E56758D1FEFF1287FB771D77
SRR2746760,01/01/2016 00:00,21/10/2015 12:04,78928890,15943635780,78928890,202,10141,,https://sra-downloadb.st-va.ncbi.nlm.nih.gov/sos2/sra-pub-run-6/SRR2746760/SRR2746760.1,SRX1360310,,WGS,RANDOM,GENOMIC,PAIRED,0,0,ILLUMINA,Illumina HiSeq 2000,SRP065057,PRJNA297202,,297202,SRS1124239,SAMN04198262,simple,113636,Populus tremula,SwAsp098,,,,,,,no,,,,,UMEÅ UNIVERSITY,SRA301107,,public,FB638E3ED8976DEDFBE0D8F1E4883964,969EF454D07C19605F365E807C04C65E
SRR2746804,01/01/2016 00:00,09/11/2015 12:59,72237546,14591984292,72237546,202,9638,,https://sra-downloadb.st-va.ncbi.nlm.nih.gov/sos2/sra-pub-run-4/SRR2746804/SRR2746804.1,SRX1360346,,WGS,RANDOM,GENOMIC,PAIRED,0,0,ILLUMINA,Illumina HiSeq 2000,SRP065057,PRJNA297202,,297202,SRS1124263,SAMN04198263,simple,113636,Populus tremula,SwAsp103,,,,,,,no,,,,,UMEÅ UNIVERSITY,SRA301107,,public,4C5DA2E58F29D140FBFDEA734CDEE332,50CBB4F16E4A84883BC392FEB0E781E8
SRR4301437,04/10/2016 16:46,29/09/2016 16:20,118589717,23955122834,118589717,202,15992,,https://sra-downloadb.st-va.ncbi.nlm.nih.gov/sos1/sra-pub-run-10/SRR4301437/SRR4301437.1,SRX2195796,SwAsp106,WGS,RANDOM,GENOMIC,PAIRED,0,0,ILLUMINA,Illumina HiSeq 2000,SRP065057,PRJNA297202,,297202,SRS1717730,SAMN05830700,simple,113636,Populus tremula,SwAsp106,,,,,,,no,,,,,UMEA UNIVERISTY,SRA480929,,public,4CD79392BA4E56A3B953873204C7F016,865AC2E34B4CA1C0EE18568B05488205
SRR4301438,05/10/2016 01:12,30/09/2016 00:15,149616671,30222567542,149616671,202,18424,,https://sra-downloadb.st-va.ncbi.nlm.nih.gov/sos1/sra-pub-run-10/SRR4301438/SRR4301438.1,SRX2195797,SwAsp109,WGS,RANDOM,GENOMIC,PAIRED,0,0,ILLUMINA,Illumina HiSeq 2000,SRP065057,PRJNA297202,,297202,SRS1717731,SAMN05830701,simple,113636,Populus tremula,SwAsp109,,,,,,,no,,,,,UMEA UNIVERISTY,SRA480929,,public,2586BF8C5F19E1704F8F35E9E6838625,3FEE9DD9F47214C707F3D1C3515CA1E9
SRR2746848,01/01/2016 00:00,21/10/2015 12:41,121243445,24491175890,121243445,202,15921,,https://sra-downloadb.st-va.ncbi.nlm.nih.gov/sos2/sra-pub-run-6/SRR2746848/SRR2746848.1,SRX1360397,,WGS,RANDOM,GENOMIC,PAIRED,0,0,ILLUMINA,Illumina HiSeq 2000,SRP065057,PRJNA297202,,297202,SRS1124322,SAMN04198264,simple,113636,Populus tremula,SwAsp110,,,,,,,no,,,,,UMEÅ UNIVERSITY,SRA301107,,public,847BC612A01D82012EF606A6AA1A6B7A,F8E6F97B33229ADDC50E16C75B58370B
SRR2746921,01/01/2016 00:00,21/10/2015 12:22,103693250,20946036500,103693250,202,13789,,https://sra-downloadb.st-va.ncbi.nlm.nih.gov/sos2/sra-pub-run-6/SRR2746921/SRR2746921.1,SRX1360399,,WGS,RANDOM,GENOMIC,PAIRED,0,0,ILLUMINA,Illumina HiSeq 2000,SRP065057,PRJNA297202,,297202,SRS1124328,SAMN04198265,simple,113636,Populus tremula,SwAsp111,,,,,,,no,,,,,UMEÅ UNIVERSITY,SRA301107,,public,6AAE119BE667EAC8194BB7A7CBB7FE11,167D26BA25C23C72520C427EA84CC630
SRR4301460,04/10/2016 16:38,29/09/2016 16:24,108109898,21838199396,108109898,202,15320,,https://sra-downloadb.st-va.ncbi.nlm.nih.gov/sos1/sra-pub-run-10/SRR4301460/SRR4301460.1,SRX2195802,SwAsp112,WGS,RANDOM,GENOMIC,PAIRED,0,0,ILLUMINA,Illumina HiSeq 2000,SRP065057,PRJNA297202,,297202,SRS1717732,SAMN05830702,simple,113636,Populus tremula,SwAsp112,,,,,,,no,,,,,UMEA UNIVERISTY,SRA480929,,public,78B1B43FE09F39617BA4211AE4468BA3,CEFB565EC0CA17BB80B43C40D781A3D9
SRR4301478,04/10/2016 16:17,29/09/2016 15:56,74037299,14955534398,74037299,202,9862,,https://sra-downloadb.st-va.ncbi.nlm.nih.gov/sos2/sra-pub-run-4/SRR4301478/SRR4301478.1,SRX2195819,SwAsp113,WGS,RANDOM,GENOMIC,PAIRED,0,0,ILLUMINA,Illumina HiSeq 2000,SRP065057,PRJNA297202,,297202,SRS1717747,SAMN05830703,simple,113636,Populus tremula,SwAsp113,,,,,,,no,,,,,UMEA UNIVERISTY,SRA480929,,public,C6E08134BAA0A58D87DF07C7347A4377,51DE9EF792E9B86CDD0214714B72D501
SRR2746922,01/01/2016 00:00,09/11/2015 12:31,113665858,22960503316,113665858,202,14767,,https://sra-downloadb.st-va.ncbi.nlm.nih.gov/sos2/sra-pub-run-6/SRR2746922/SRR2746922.1,SRX1360473,,WGS,RANDOM,GENOMIC,PAIRED,0,0,ILLUMINA,Illumina HiSeq 2000,SRP065057,PRJNA297202,,297202,SRS1124400,SAMN04198266,simple,113636,Populus tremula,SwAsp114,,,,,,,no,,,,,UMEÅ UNIVERSITY,SRA301107,,public,F2B82A8862DEC5FE0D03924DFE4F7BCC,874AAA44D7FFF34C0EA5722561F873F6
SRR4301479,04/10/2016 16:33,29/09/2016 16:17,125280419,25306644638,125280419,202,17564,,https://sra-downloadb.st-va.ncbi.nlm.nih.gov/sos1/sra-pub-run-10/SRR4301479/SRR4301479.1,SRX2195820,SwAsp115,WGS,RANDOM,GENOMIC,PAIRED,0,0,ILLUMINA,Illumina HiSeq 2000,SRP065057,PRJNA297202,,297202,SRS1717748,SAMN05830704,simple,113636,Populus tremula,SwAsp115,,,,,,,no,,,,,UMEA UNIVERISTY,SRA480929,,public,268026E2CD2C76901C8B5B4F2D5B5B22,EA3938F8F53D71C1A9B32FF2EA2B7A41
SRR4301480,04/10/2016 16:15,29/09/2016 15:45,43715592,8830549584,43715592,202,5592,,https://sra-downloadb.st-va.ncbi.nlm.nih.gov/sos1/sra-pub-run-10/SRR4301480/SRR4301480.1,SRX2195821,SwAsp116,WGS,RANDOM,GENOMIC,PAIRED,0,0,ILLUMINA,Illumina HiSeq 2000,SRP065057,PRJNA297202,,297202,SRS1717749,SAMN05830705,simple,113636,Populus tremula,SwAsp116,,,,,,,no,,,,,UMEA UNIVERISTY,SRA480929,,public,8372A5A11DFB2D4FD3C6CFB3B7C8F70E,CFF6E144A9D1DD5F6FAC8EAB30A774B5